landmark_name,latitude,longitude
"18th-Century Royal Palace at Caserta with the Park, the Aqueduct of Vanvitelli, and the San Leucio Complex",41.07333,14.32639
<I>Sacri Monti</I> of Piedmont and Lombardy,45.97455556,9.169555556
<i>Aflaj</i> Irrigation Systems of Oman,22.99888889,57.53605556
Aachen Cathedral,50.77474685,6.083919968
Aapravasi Ghat,-20.15863889,57.50316667
Aasivissuit – Nipisat. Inuit Hunting Ground between Ice and Sea,67.06393056,-51.43320556
Abbey Church of Saint-Savin sur Gartempe,46.56472,0.86611
Abbey and Altenmünster of Lorsch,49.65369,8.56858
Abbey of St Gall,47.42333,9.37778
Abu Mena,30.83583333,29.66666667
"Acropolis, Athens",37.97087,23.72618
Agave Landscape and Ancient Industrial Facilities of Tequila,20.86305556,-103.7786111
Agra Fort,27.179806,78.021528
Agricultural Landscape of Southern Öland,56.325,16.48333
Air and Ténéré Natural Reserves,19.07619264,9.661999998
Ajanta Caves,20.553111,75.70025
Aksum,14.13019,38.71861
Al Qal'a of Beni Hammad,35.81844,4.78684
Al Zubarah Archaeological Site,25.97805556,51.02972222
"Al-Ahsa Oasis, an Evolving Cultural Landscape",25.40216667,49.63056944
Aldabra Atoll,-9.416666667,46.41666667
Alejandro de Humboldt National Park,20.45,-75
"Alhambra, Generalife and Albayzín, Granada",37.17677778,-3.589916667
Alto Douro Wine Region,41.10166667,-7.798888889
"Amami-Oshima Island, Tokunoshima Island, Northern part of Okinawa Island, and Iriomote Island",28.27916667,129.3783333
Amiens Cathedral,49.895,2.301666667
Amphitheatre of El Jem,35.29639,10.70694
"Ancient <I>Ksour</I> of Ouadane, Chinguetti, Tichitt and Oualata",20.92889,-11.62361
Ancient Building Complex in the Wudang Mountains,32.46667,111
Ancient City of Aleppo,36.19916667,37.16277778
Ancient City of Bosra,32.51916667,36.48416667
Ancient City of Damascus,33.51083333,36.30972222
Ancient City of Nessebar,42.65911111,27.73602778
Ancient City of Ping Yao,37.20139,112.15444
Ancient City of Polonnaruwa,7.915833333,81.00055556
Ancient City of Qalhat,22.69522222,59.37811111
Ancient City of Sigiriya,7.95,80.75
Ancient City of Tauric Chersonese and its Chora,44.61083333,33.49138889
Ancient Ferrous Metallurgy Sites of Burkina Faso,12.58775833,-3.328986111
Ancient Jericho/Tell es-Sultan,31.87130556,35.44405556
"Ancient Maya City and Protected Tropical Forests of Calakmul, Campeche",18.05302778,-89.73728333
Ancient Thebes with its Necropolis,25.73333,32.6
Ancient Villages in Southern Anhui – Xidi and Hongcun,29.90444444,117.9875
Ancient Villages of Northern Syria,36.33416667,36.84416667
Ancient and Primeval Beech Forests of the Carpathians and Other Regions of Europe,48.9,22.18333333
Andrefana Dry Forests,-18.66157778,44.76738611
Angkor,13.43333333,103.8333333
Anjar,33.73194444,35.93333333
Antequera Dolmens Site,37.025,-4.544444444
Anticosti,49.53861111,-63.24527778
Antigua Guatemala,14.556504,-90.73381
Antigua Naval Dockyard and Related Archaeological Sites,17.00694444,-61.76166667
Aphrodisias,37.70833333,28.72361111
Aqueduct of Padre Tembleque Hydraulic System,19.83527778,-98.66256667
Arab-Norman Palermo and the Cathedral Churches of Cefalú and Monreale,38.11083333,13.35305556
Aranjuez Cultural Landscape,40.03645,-3.60934
Archaeological Area and the Patriarchal Basilica of Aquileia,45.76833333,13.3675
Archaeological Area of Agrigento,37.28972222,13.59333333
"Archaeological Areas of Pompei, Herculaneum and Torre Annunziata",40.75,14.48333333
Archaeological Border complex of Hedeby and the Danevirke,54.46194444,9.454111111
Archaeological Ensemble of Mérida,38.91611,-6.33778
Archaeological Ensemble of Tarraco,41.11472222,1.259305556
Archaeological Heritage of the Lenggong Valley,5.067908333,100.9723278
Archaeological Landscape of the First Coffee Plantations in the South-East of Cuba,20.03,-75.39138889
Archaeological Monuments Zone of Xochicalco,18.803972,-99.29639
Archaeological Park and Ruins of Quirigua,15.27059,-89.04025
Archaeological Ruins at Moenjodaro,27.32916667,68.13888889
Archaeological Ruins of Liangzhu City,30.39555556,119.9908333
Archaeological Site of Aigai (modern name Vergina),40.47139,22.31833
Archaeological Site of Ani,40.5,43.56666667
Archaeological Site of Atapuerca,42.34972222,-3.515277778
Archaeological Site of Carthage,36.85278,10.32333
Archaeological Site of Cyrene,32.825,21.85833
Archaeological Site of Delphi,38.48149,22.49617
Archaeological Site of Leptis Magna,32.63833,14.29306
Archaeological Site of Mystras,37.08056,22.36667
"Archaeological Site of Nalanda Mahavihara at Nalanda, Bihar",25.13666667,85.44388889
Archaeological Site of Olympia,37.64,21.634
Archaeological Site of Philippi,41.01472222,24.28527778
Archaeological Site of Sabratha,32.80528,12.485
Archaeological Site of Troy,39.95644,26.239
Archaeological Site of Volubilis,34.07389,-5.55694
"Archaeological Sites of Bat, Al-Khutm and Al-Ayn",23.26986,56.745
Archaeological Sites of Mycenae and Tiryns,37.73333333,22.75
Archaeological Sites of the Island of Meroe,16.93333333,33.71666667
"Archaeological Zone of Paquimé, Casas Grandes",30.367128,-107.948122
Archipiélago de Revillagigedo,18.78805556,-110.9752778
Architectural Ensemble of the Trinity Sergius Lavra in Sergiev Posad,56.31035,38.1312
"Architectural, Residential and Cultural Complex of the Radziwill Family at Nesvizh",53.22278,26.69139
Area de Conservación Guanacaste,10.85,-85.61666667
"Arles, Roman and Romanesque Monuments",43.67763889,4.630694444
Armenian Monastic Ensembles of Iran,38.97888889,45.47333333
Arslantepe Mound,38.3822,38.36109167
As-Salt - The Place of Tolerance and Urban Hospitality,32.04261111,35.72830556
Asante Traditional Buildings,6.401111111,-1.625833333
Ashur (Qal'at Sherqat),35.45666667,43.26111111
Asmara: A Modernist African City,15.33527778,38.93583333
"Assisi, the Basilica of San Francesco and Other Franciscan Sites",43.06616667,12.62244444
Assumption Cathedral and Monastery of the town-island of Sviyazhsk,55.77027778,48.65277778
Astronomical Observatories of Kazan Federal University,55.79090833,49.11909722
At-Turaif District in ad-Dir'iyah,24.73413333,46.57246667
Atlantic Forest South-East Reserves,-24.16667,-48
Auschwitz Birkenau <br /><small>German Nazi Concentration and Extermination Camp (1940-1945)</small>,50.03888889,19.175
Australian Convict Sites,-33.37833333,150.9944444
Australian Fossil Mammal Sites (Riversleigh / Naracoorte),-19.08333333,138.7166667
Baalbek,34.00666667,36.20416667
Babylon,32.54196944,44.42083333
Badain Jaran Desert - Towers of Sand and Lakes,39.88972222,102.2894444
Baekje Historic Areas,36.46194444,127.1272222
Bagan,21.14888889,94.88444444
Bahla Fort,22.96417,57.30111
Bahá’i Holy Places in Haifa and the Western Galilee,32.82939667,34.97164889
Bale Mountains National Park,6.797777778,39.74888889
Bam and its Cultural Landscape,29.11683,58.36666667
Ban Chiang Archaeological Site,17.407772,103.237589
Banc d'Arguin National Park,20.23472,-16.10889
Baptism Site “Bethany Beyond the Jordan” (Al-Maghtas),31.83722222,35.55277778
Barberton Makhonjwa Mountains,-25.97388889,31.01388889
Bardejov Town Conservation Reserve,49.29277778,21.27555556
Baroque Churches of the Philippines,14.59,120.97
"Bassari Country: Bassari, Fula and Bedik Cultural Landscapes",12.59333333,-12.84583333
"Bauhaus and its Sites in Weimar, Dessau and Bernau",50.97477778,11.3295
Beijing Central Axis: A Building Ensemble Exhibiting the Ideal Order of the Chinese Capital,39.90722222,116.3913889
Belfries of Belgium and France,50.17444,3.23139
Belize Barrier Reef Reserve System,17.190549,-87.846213
Benedictine Convent of St John at Müstair,46.62945,10.44765
Bergpark Wilhelmshöhe,51.31583333,9.393055556
Berlin Modernism Housing Estates,52.44833333,13.45
Białowieża Forest,52.7275,23.98111111
"Biblical Tels - Megiddo, Hazor, Beer Sheba",32.59722,35.18222
Bikini Atoll Nuclear Test Site,11.6,165.3805556
Birka and Hovgården,59.33514,17.54264
"Birthplace of Jesus: Church of the Nativity and the Pilgrimage Route, Bethlehem",31.70435278,35.2075
Bisotun,34.38833333,47.43666667
Blaenavon Industrial Landscape,51.77638889,-3.088055556
Blenheim Palace,51.84194444,-1.361388889
Blue and John Crow Mountains,18.0775,-76.57111111
Bolgar Historical and Archaeological Complex,54.97888889,49.05638889
"Bordeaux, Port of the Moon",44.83888889,-0.572222222
Borobudur Temple Compounds,-7.60778,110.20361
"Botanical Garden (Orto Botanico), Padua",45.39911111,11.88066667
Bourges Cathedral,47.08222222,2.398333333
Boyana Church,42.64463194,23.26618278
Brasilia,-15.78333,-47.9
Brazilian Atlantic Islands: Fernando de Noronha and Atol das Rocas Reserves,-3.857944444,-32.42511111
Brimstone Hill Fortress National Park,17.34694,-62.83722
Bronze Age Burial Site of Sammallahdenmäki,61.12056,21.7775
Bryggen,60.39722,5.32306
Brâncuși Monumental Ensemble of Târgu Jiu,45.03827778,23.27877778
Brú na Bóinne - Archaeological Ensemble of the Bend of the Boyne,53.69469444,-6.4755
"Budapest, including the Banks of the Danube, the Buda Castle Quarter and Andrássy Avenue",47.48242,19.07067
Buddhist Monuments at Sanchi,23.47944,77.73972
Buddhist Monuments in the Horyu-ji Area,34.61666667,135.7333333
Buddhist Ruins of Takht-i-Bahi and Neighbouring City Remains at Sahr-i-Bahlol,34.32083333,71.94583333
Budj Bim Cultural Landscape,-38.08111111,141.8852778
Burgos Cathedral,42.34073333,-3.704011111
Bursa and Cumalıkızık: the Birth of the Ottoman Empire,40.18473056,29.06233611
Butrint,39.745732,20.02095
Bwindi Impenetrable National Park,-1.047,29.692
Byblos,34.11917,35.64555556
Cahokia Mounds State Historic Site,38.65861111,-90.06138889
Caliphate City of Medina Azahara,37.88588889,-4.867694444
Cambodian Memorial Sites: From centres of repression to places of peace and reflection,11.77016,104.384814
Camino Real de Tierra Adentro,22.60805556,-102.3791667
Canadian Rocky Mountain Parks,51.42472222,-116.4797222
Canaima National Park,5.337994,-62.037883
Canal du Midi,43.61138889,1.416388889
"Canterbury Cathedral, St Augustine's Abbey, and St Martin's Church",51.28,1.083333333
Cape Floral Region Protected Areas,-34.35580512,18.47503218
Capital Cities and Tombs of the Ancient Koguryo Kingdom,41.15694444,126.1872222
Carlsbad Caverns National Park,32.16666667,-104.3833333
Carolingian Westwork and Civitas Corvey,51.77827778,9.41025
Castel del Monte,41.08480556,16.27094444
Castle of the Teutonic Order in Malbork,54.041,19.02972222
Castles and Town Walls of King Edward in Gwynedd,53.13972222,-4.276944444
Castles of Augustusburg and Falkenlust at Brühl,50.82502778,6.909777778
Catalan Romanesque Churches of the Vall de Boí,42.50472222,0.803611111
Cathedral and Churches of Echmiatsin and the Archaeological Site of Zvartnots,40.15931,44.29514
"Cathedral of Notre-Dame, Former Abbey of Saint-Rémi and Palace of Tau, Reims",49.25333333,4.032777778
"Cathedral, Alcázar and Archivo de Indias in Seville",37.38384,-5.99155
"Cathedral, Torre Civica and Piazza Grande, Modena",44.64624,10.92568
Cave of Altamira and Paleolithic Cave Art of Northern Spain,43.38252778,-4.116166667
Caves and Ice Age Art in the Swabian Jura,48.38777778,9.765555556
Caves of Aggtelek Karst and Slovak Karst,48.47573,20.48687
Caves of Maresha and Bet-Guvrin in the Judean Lowlands as a Microcosm of the Land of the Caves,31.60111111,34.9
Centennial Hall in Wrocław,51.10694722,17.07701389
Central Amazon Conservation Complex,-2.333333333,-62.00833333
Central Highlands of Sri Lanka,7.45245,80.8021
Central Sector of the Imperial Citadel of Thang Long - Hanoi,21.03752,105.838623
Central Sikhote-Alin,46.68333333,136.6611111
Central Suriname Nature Reserve,4,-56.5
Central University City Campus of the <i>Universidad Nacional Autónoma de México</i> (UNAM),19.33222222,-99.18805556
Central Zone of the Town of Angra do Heroismo in the Azores,38.655,-27.22
Cerrado Protected Areas: Chapada dos Veadeiros and Emas National Parks,-14.00569444,-47.68461111
Chaco Culture,36.06377778,-107.9708333
"Champagne Hillsides, Houses and Cellars",49.0775,3.946111111
Champaner-Pavagadh Archaeological Park,22.48333333,73.53333333
Chan Chan Archaeological Zone,-8.107836,-79.074737
Changdeokgung Palace Complex,37.57888889,126.9911111
Chankillo Archaeoastronomical Complex,-9.556861111,-78.23591667
Chartres Cathedral,48.4475,1.487222222
Chavin (Archaeological Site),-9.592772544,-77.1784535
Chaîne des Puys - Limagne fault tectonic arena,45.77938889,2.965111111
Chengjiang Fossil Site,24.66888889,102.9772222
Chhatrapati Shivaji Terminus (formerly Victoria Terminus),18.94012222,72.83620278
Chief Roi Mata’s Domain,-17.62806944,168.1777194
China Danxia,28.42194444,106.0425
Chiribiquete National Park – “The Maloca of the Jaguar”,0.525277778,-72.79722222
Chitwan National Park,27.5,84.33333
Choirokoitia,34.79674067,33.34394315
Chongoni Rock-Art Area,-14.21852077,34.20707383
"Church Town of Gammelstad, Luleå",65.64611,22.02861
Church and Dominican Convent of Santa Maria delle Grazie with “The Last Supper” by Leonardo da Vinci,45.466,9.171
"Church of the Ascension, Kolomenskoye",55.65556,37.67389
Churches and Convents of Goa,15.50222,73.91167
Churches of Chiloé,-42.5,-73.76666667
Churches of Moldavia,47.77833333,25.71277778
Churches of Peace in Jawor and Świdnica,51.05427778,16.19594444
Churches of the Pskov School of Architecture,57.80719444,28.32855556
"Cidade Velha, Historic Centre of Ribeira Grande",14.91513889,-23.605194439999998
"Cilento and Vallo di Diano National Park with the Archeological Sites of Paestum and Velia, and the Certosa di Padula",40.28333333,15.26666667
Cistercian Abbey of Fontenay,47.63944,4.38911
Citadel of the Ho Dynasty,20.07805556,105.6047222
"Citadel, Ancient City and Fortress Buildings of Derbent",42.05583333,48.28277778
City of Bath,51.38130556,-2.359055556
City of Cuzco,-13.517276,-71.980004
City of Graz – Historic Centre and Schloss Eggenberg,47.07305556,15.43861111
City of Luxembourg: its Old Quarters and Fortifications,49.61,6.13333
City of Potosí,-19.599112,-65.749813
City of Quito,-0.22,-78.51208333
City of Safranbolu,41.26,32.68972
City of Valletta,35.90056,14.51444
City of Verona,45.43861111,10.99388889
City of Vicenza and the Palladian Villas of the Veneto,45.54916667,11.54944444
Ciudad Universitaria de Caracas,10.49073,-66.89068
Classical Gardens of Suzhou,31.31666667,120.45
Classical Weimar,50.9775,11.32861
Cliff of Bandiagara (Land of the Dogons),14.33333,-3.41667
Coastal and Marine Ecosystems of the Bijagós Archipelago – Omatí Minhô,11.12,-15.94888889
Cocos Island National Park,5.533333333,-87.06666667
Coffee Cultural Landscape of Colombia,4.889476,-75.773082
Coiba National Park and its Special Zone of Marine Protection,7.433,-81.766
Colchic Rainforests and Wetlands,41.70227778,41.9512
Cold Winter Deserts of Turan,44.02583333,79.03416667
"Collegiate Church, Castle and Old Town of Quedlinburg",51.78333,11.15
Cologne Cathedral,50.94111111,6.957222222
Colonial City of Santo Domingo,18.472394,-69.885841
Colonies of Benevolence,53.04222222,6.391588889
Comoé National Park,9,-4
Complex of Hué Monuments,16.46944,107.57778
Complex of Koguryo Tombs,38.86305556,125.415
Convent of Christ in Tomar,39.60472,-8.4175
Cordouan Lighthouse,45.58630556,-1.173333333
Cornwall and West Devon Mining Landscape,50.13611111,-5.383611111
Coro and its Port,11.409794,-69.679228
Costiera Amalfitana,40.63333333,14.60277778
Crac des Chevaliers and Qal’at Salah El-Din,34.75666667,36.29444444
Crespi d'Adda,45.59333,9.53833
"Cueva de las Manos, Río Pinturas",-47.15,-70.66666667
Cultural Heritage Sites of Ancient Khuttal,37.74439361,69.29871278
Cultural Landscape and Archaeological Remains of the Bamiyan Valley,34.84694,67.82525
Cultural Landscape of Bali Province: the <em>Subak</em> System as a Manifestation of the <em>Tri Hita Karana</em> Philosophy,-8.259166667,115.4027778
Cultural Landscape of Hawraman/Uramanat,35.10735833,46.47785
Cultural Landscape of Honghe Hani Rice Terraces,23.09327778,102.7799806
Cultural Landscape of Kenozero Lake,61.928,38.17261111
Cultural Landscape of Khinalig People and “Köç Yolu” Transhumance Route,40.7059,48.8854
Cultural Landscape of Maymand,30.16805556,55.37555556
Cultural Landscape of Old Tea Forests of the Jingmai Mountain in Pu’er,22.18416667,100.0075
Cultural Landscape of Sintra,38.78333,-9.41667
Cultural Landscape of the Serra de Tramuntana,39.73083333,2.694722222
"Cultural Sites of Al Ain (Hafit, Hili, Bidaa Bint Saud and Oases Areas)",24.06777778,55.80638889
Cultural and Historic Ensemble of the Solovetsky Islands,65.08333333,35.66666667
Curonian Spit,55.27458,20.96239
Dacian Fortresses of the Orastie Mountains,45.62305556,23.31194444
Danube Delta,45.08333,29.5
Darien National Park,7.736111111,-77.54722222
Dazu Rock Carvings,29.70111,105.705
"Decorated Cave of Pont d’Arc, known as Grotte Chauvet-Pont d’Arc, Ardèche",44.3875,4.416111111
Decorated Farmhouses of Hälsingland,61.70722222,16.19583333
Deer Stone Monuments and Related Bronze Age Sites,47.74277778,101.2258333
Delos,37.4,25.26667
Derwent Valley Mills,53.02888889,-1.488055556
Desembarco del Granma National Park,19.88333,-77.63333
Dholavira: a Harappan City,23.88840833,70.21330278
Dilmun Burial Mounds,26.14972222,50.51277778
Dinosaur Provincial Park,50.76777778,-111.4922222
Discovery Coast Atlantic Forest Reserves,-16.5,-39.25
Diy-Gid-Biy Cultural Landscape of the Mandara Mountains,10.90333333,13.79555556
Diyarbakır Fortress and Hevsel Gardens Cultural Landscape,37.9031,40.23930833
Dja Faunal Reserve,3.125,12.983
Djerba: Testimony to a settlement pattern in an island territory,33.79241944,11.00395833
Djoudj National Bird Sanctuary,16.414602,-16.237906
Djémila,36.32056,5.73667
Dong Phayayen-Khao Yai Forest Complex,14.33,102.05
Dorset and East Devon Coast,50.70555556,-2.989888889
Dougga / Thugga,36.42361,9.22028
Doñana National Park,36.9477,-6.358861
Droogmakerij de Beemster (Beemster Polder),52.54888889,4.911111111
Durham Castle and Cathedral,54.77472222,-1.576111111
Durmitor National Park,43.133,19.0166
Dutch Water Defence Lines,52.555,4.791388889
"ESMA Museum and Site of Memory – Former Clandestine Centre of Detention, Torture and Extermination",-34.53664167,-58.46533333
Earliest 16th-Century Monasteries on the Slopes of Popocatepetl,18.93472222,-98.89777778
Early Christian Monuments of Ravenna,44.42041667,12.19625
Early Christian Necropolis of Pécs (Sopianae),46.07444,18.22778
East Rennell,-11.68333,160.33333
Ecosystem and Relict Cultural Landscape of Lopé-Okanda,-0.5,11.5
Eisinga Planetarium in Franeker,53.187375,5.543752778
El Pinacate and Gran Desierto de Altar Biosphere Reserve,32,-113.9166667
"El Tajin, Pre-Hispanic City",20.446095,-97.377642
Elephanta Caves,18.96667,72.93583
Ellora Caves,20.02639,75.17917
Engelsberg Ironworks,59.97,16.01
Ennedi Massif: Natural and Cultural Landscape,17.04166667,21.86277778
Ensemble of the Ferapontov Monastery,59.95,38.56666667
Ensemble of the Novodevichy Convent,55.72611111,37.55508333
Ephesus,37.92916667,27.35944444
Episcopal City of Albi,43.92916667,2.144166667
Episcopal Complex of the Euphrasian Basilica in the Historic Centre of Poreč,45.22858333,13.59333333
Erbil Citadel,36.19111111,44.00916667
Erzgebirge/Krušnohoří Mining Region,50.40652778,12.83734444
Etruscan Necropolises of Cerveteri and Tarquinia,42.00683333,12.10188889
Evaporitic Karst and Caves of Northern Apennines,44.37994444,10.38891667
Everglades National Park,25.55444444,-80.99638889
Fagus Factory in Alfeld,51.98388889,9.812222222
Fanjingshan,27.89555556,108.68
"Fasil Ghebbi, Gondar Region",12.607909,37.4697
Fatehpur Sikri,27.097528,77.6665
Faya Palaeolandscape,25.08280556,55.80658333
"Ferrara, City of the Renaissance, and its Po Delta",44.83777778,11.61944444
Fertö / Neusiedlersee Cultural Landscape,47.71927778,16.72272222
Flemish Béguinages,51.03097222,4.47375
Forest Massif of Odzala-Kokoua,1.335555556,14.86027778
Forest Research Institute Malaysia Forest Park Selangor,3.22925,101.6272778
"Fort Jesus, Mombasa",-4.062777778,39.67944444
Fort and Shalamar Gardens in Lahore,31.59027778,74.30972222
Fortifications of Vauban,47.23611111,6.026944444
Fortifications on the Caribbean Side of Panama: Portobelo-San Lorenzo,9.553888889,-79.65583333
Fortress of Suomenlinna,60.14722,24.98722
"Forts and Castles, Volta, Greater Accra, Central and Western Regions",5.39103,-0.49361
Fossil Hominid Sites of South Africa,-24.15861,29.17694
Franciscan Missions in the Sierra Gorda of Querétaro,21.20438889,-99.46411111
Fray Bentos Industrial Landscape,-33.11777778,-58.33166667
French Austral Lands and Seas,-49.38036111,69.35280556
"From the Great Saltworks of Salins-les-Bains to the Royal Saltworks of Arc-et-Senans, the Production of Open-pan Salt",46.9375,5.876388889
Frontiers of the Roman Empire,54.99261111,-2.601
Frontiers of the Roman Empire – Dacia,47.18078889,23.15941111
Frontiers of the Roman Empire – The Danube Limes (Western Segment),48.11519444,16.86138889
Frontiers of the Roman Empire – The Lower German Limes,52.18033333,4.433
Fuerte de Samaipata,-18.178323,-63.820485
Fujian <em>Tulou</em>,25.02305556,117.6858333
"Fujisan, sacred place and source of artistic inspiration",35.36083333,138.7275
Funerary Tradition in the Prehistory of Sardinia – <em>The domus de janas</em>,40.08513889,8.951333333
Galápagos Islands,-0.68986,-90.501319
"Gamzigrad-Romuliana, Palace of Galerius",43.89930556,22.18611111
Garajonay National Park,28.12625,-17.23722222
Garamba National Park,4,29.25
Garden Kingdom of Dessau-Wörlitz,51.8425,12.42083
Gardens and Castle at Kroměříž,49.3,17.37722222
Garrison Border Town of Elvas and its Fortifications,38.88061944,-7.163322222
Gaya Tumuli,35.23726389,128.873725
Gebel Barkal and the Sites of the Napatan Region,18.537,31.82802778
Gelati Monastery,42.29472222,42.76833333
Genoa: <i>Le Strade Nuove</i> and the system of the<i> Palazzi dei Rolli</i>,44.41222222,8.931111111
"Getbol, Korean Tidal Flats",34.82882222,126.1044444
Giant's Causeway and Causeway Coast,55.24083333,-6.511666667
Gobustan Rock Art Cultural Landscape,40.125,49.375
"Gochang, Hwasun and Ganghwa Dolmen Sites",34.96667,126.92917
Gola-Tiwai Complex,7.541166667,-11.34788889
Golden Mountains of Altai,50.46666667,86
Golestan Palace,35.68036667,51.42051111
Gonbad-e Qābus,37.25802778,55.169
Gondwana Rainforests of Australia,-28.25,150.05
Gordion,39.64333333,31.98611111
Gorham's Cave Complex,36.12266944,-5.342061111
Gough and Inaccessible Islands,-40.32472222,-9.928611111
Grand Canyon National Park,36.10083333,-112.0905556
Great Barrier Reef,-18.28611111,147.7
Great Burkhan Khaldun Mountain and its surrounding sacred landscape,48.76197778,109.0093278
Great Himalayan National Park Conservation Area,31.83333333,77.58333333
Great Living Chola Temples,10.78305556,79.1325
Great Mosque and Hospital of Divriği,39.371271,38.121826
Great Smoky Mountains National Park,35.59305556,-83.43555556
Great Zimbabwe National Monument,-20.27116995,30.93326897
Greater Blue Mountains Area,-33.7,150
"Grimeton Radio Station, Varberg",57.1,12.38333333
Gros Morne National Park,49.6125,-57.53138889
Group of Monuments at Hampi,15.31444,76.47167
Group of Monuments at Mahabalipuram,12.61667,80.19167
Group of Monuments at Pattadakal,15.94833,75.81667
"Gulf of Porto: Calanche of Piana, Gulf of Girolata, Scandola Reserve",42.32519444,8.628833333
Gunung Mulu National Park,4.13333,114.91667
Gusuku Sites and Related Properties of the Kingdom of Ryukyu,26.20861111,127.6827778
Gyeongju Historic Areas,35.78889,129.22667
Göbekli Tepe,37.22324194,38.92236389
Göreme National Park and the Rock Sites of Cappadocia,38.66667,34.85
Ha Long Bay - Cat Ba Archipelago,20.83277778,107.1611111
"Haeinsa Temple Janggyeong Panjeon, the Depositories for the <I>Tripitaka Koreana</I> Woodblocks",35.801672,128.098711
Hallstatt-Dachstein / Salzkammergut Cultural Landscape,47.55944444,13.64638889
Hanseatic City of Lübeck,53.86667,10.69167
Hanseatic Town of Visby,57.64167,18.29583
"Harar Jugol, the Fortified Historic Town",9.308888889,42.13777778
Hatra,35.58806,42.71833
Hattusha: the Hittite Capital,40.01389,34.62056
Hawaii Volcanoes National Park,19.40083333,-155.1236111
Head-Smashed-In Buffalo Jump,49.70840556,-113.6520528
Heard and McDonald Islands,-53.1,73.5
Heart of Neolithic Orkney,58.99605556,-3.188666667
Hebron/Al-Khalil Old Town,31.52444444,35.10833333
Hegmataneh,34.80238889,48.51668611
Hegra Archaeological Site (al-Hijr / Madā ͐ in Ṣāliḥ),26.78361111,37.955
Henderson Island,-24.36666667,-128.3333333
Heritage of Mercury. Almadén and Idrija,38.77527778,-4.838888889
Hidden Christian Sites in the Nagasaki Region,32.80222222,128.9038889
Hierapolis-Pamukkale,37.92389,29.12333
High Coast / Kvarken Archipelago,63.3,21.3
Hill Forts of Rajasthan,24.88333333,74.64611111
Himeji-jo,34.83333333,134.7
"Hiraizumi – Temples, Gardens and Archaeological Sites Representing the Buddhist Pure Land",39.00111111,141.1077778
Hiroshima Peace Memorial (Genbaku Dome),34.395556,132.453611
"Historic Area of Willemstad, Inner City and Harbour, Curaçao",12.10194,-68.90222
Historic Areas of Istanbul,41.00847,28.97993
Historic Bridgetown and its Garrison,13.09666667,-59.61388889
Historic Cairo,30.05,31.26111
Historic Centre (Old Town) of Tallinn,59.437,24.74
Historic Centre of Agadez,16.97361111,7.991388889
"Historic Centre of Avignon: Papal Palace, Episcopal Ensemble and Avignon Bridge",43.95277778,4.806111111
Historic Centre of Brugge,51.20891,3.22527
Historic Centre of Bukhara,39.77472,64.42861
Historic Centre of Camagüey,21.37861111,-77.91861111
Historic Centre of Cordoba,37.87919444,-4.779722222
Historic Centre of Florence,43.77306,11.25611
Historic Centre of Guimarães and Couros Zone,41.443,-8.292777778
Historic Centre of Kraków,50.06138889,19.93722222
Historic Centre of Lima,-12.046542,-77.0304
Historic Centre of Macao,22.19129194,113.5364611
Historic Centre of Mexico City and Xochimilco,19.41833,-99.13278
Historic Centre of Morelia,19.700927,-101.190376
Historic Centre of Naples,40.85138889,14.26277778
Historic Centre of Oaxaca and Archaeological Site of Monte Albán,17.061579,-96.725885
"Historic Centre of Oporto, Luiz I Bridge and Monastery of Serra do Pilar",41.14166667,-8.616666667
Historic Centre of Prague,50.08972,14.41944
Historic Centre of Puebla,19.045967,-98.197769
Historic Centre of Riga,56.95417,24.11667
"Historic Centre of Rome, the Properties of the Holy See in that City Enjoying Extraterritorial Rights and San Paolo Fuori le Mura",41.89022222,12.49230556
Historic Centre of Saint Petersburg and Related Groups of Monuments,59.95,30.31833
Historic Centre of Salvador de Bahia,-12.972917,-38.512981
Historic Centre of San Gimignano,43.46806,11.04167
Historic Centre of Santa Ana de los Ríos de Cuenca,-2.897447,-79.004382
Historic Centre of Santa Cruz de Mompox,9.240492,-74.423084
Historic Centre of Shakhrisyabz,39.05,66.83333
Historic Centre of Sheki with the Khan’s Palace,41.20333333,47.1875
Historic Centre of Siena,43.31861111,11.33166667
Historic Centre of Sighişoara,46.21777778,24.79222222
Historic Centre of São Luís,-2.530054,-44.303369000000004
Historic Centre of Telč,49.18413889,15.45397222
Historic Centre of Urbino,43.725,12.63333
Historic Centre of Vienna,48.2094,16.3699
Historic Centre of Warsaw,52.25,21.013
Historic Centre of Zacatecas,22.775484,-102.573531
Historic Centre of the City of Pienza,43.07694444,11.67861111
Historic Centre of the City of Salzburg,47.80055556,13.04333333
Historic Centre of the Town of Diamantina,-18.244776,-43.59768
Historic Centre of the Town of Goiás,-15.934231,-50.140164
Historic Centre of the Town of Olinda,-8.013333333,-34.845
Historic Centre of Évora,38.57306,-7.90778
Historic Centre of Český Krumlov,48.81069444,14.31502778
Historic Centres of Berat and Gjirokastra,40.07416667,20.14083333
Historic Centres of Stralsund and Wismar,54.3025,13.08527778
Historic City of Ahmadabad,23.02638889,72.58805556
Historic City of Ayutthaya,14.34778,100.56056
Historic City of Meknes,33.88333,-5.55833
Historic City of Sucre,-19.04799,-65.259592
Historic City of Toledo,39.85694444,-4.024444444
Historic City of Trogir,43.51708333,16.25136111
Historic City of Vigan,17.575,120.3875
Historic City of Yazd,31.90138889,54.36916667
Historic District of Old Québec,46.80944444,-71.21055556
"Historic Ensemble of the Potala Palace, Lhasa",29.65792,91.11717
Historic Fortified City of Carcassonne,43.2070631,2.3636562
Historic Fortified Town of Campeche,19.84639,-90.53722
Historic Inner City of Paramaribo,5.82611,-55.15
"Historic Jeddah, the Gate to Makkah",21.48388889,39.1875
Historic Monuments Zone of Querétaro,20.593292,-100.392135
Historic Monuments Zone of Tlacotalpan,18.613459,-95.658676
Historic Monuments and Sites in Kaesong,37.98166667,126.5080556
"Historic Monuments of Ancient Kyoto (Kyoto, Uji and Otsu Cities)",34.98055556,135.7694444
Historic Monuments of Ancient Nara,34.67555556,135.8394444
Historic Monuments of Dengfeng in “The Centre of Heaven and Earth”,34.45874722,113.0677194
Historic Monuments of Novgorod and Surroundings,58.53333,31.28333
Historic Mosque City of Bagerhat,22.66667,89.8
Historic Quarter of the City of Colonia del Sacramento,-34.47119,-57.849898
Historic Quarter of the Seaport City of Valparaíso,-33.04063889,-71.628
Historic Sanctuary of Machu Picchu,-13.184934,-72.533443
Historic Site of Lyon,45.76722,4.83333
Historic Town of Banská Štiavnica and the Technical Monuments in its Vicinity,48.46111,18.9
Historic Town of Grand-Bassam,5.195833333,-3.736388889
Historic Town of Guanajuato and Adjacent Mines,21.01694,-101.25556
Historic Town of Ouro Preto,-20.38888889,-43.50555556
"Historic Town of St George and Related Fortifications, Bermuda",32.37944444,-64.67777778
Historic Town of Sukhothai and Associated Historic Towns,17.00722,99.78972
Historic Town of Zabid,14.19533333,43.31552778
Historic Villages of Korea: Hahoe and Yangdong,36.53916667,128.5166667
Historic Villages of Shirakawa-go and Gokayama,36.4,136.8833333
Historic Walled Town of Cuenca,40.07662,-2.13174
Historic and Architectural Complex of the Kazan Kremlin,55.79945266,49.10646024
Historical Centre of the City of Arequipa,-16.398353,-71.536777
Historical Centre of the City of Yaroslavl,57.65278,39.87611
Historical Complex of Split with the Palace of Diocletian,43.50888889,16.43916667
"Historical Monuments at Makli, Thatta",24.76666667,67.9
Historical Monuments of Mtskheta,41.84227778,44.72102778
Hoi An Ancient Town,15.88333333,108.3333333
Holašovice Historic Village,48.96963889,14.27261111
Holy Trinity Column in Olomouc,49.59393611,17.25045833
Hopewell Ceremonial Earthworks,40.05365833,-82.44606111
Hortobágy National Park - the <i>Puszta</i>,47.59458,21.15678
"Hospicio Cabañas, Guadalajara",20.676888,-103.337798
Huanglong Scenic and Historic Interest Area,32.75417,103.82222
Huascarán National Park,-9.33333,-77.4
Hubei Shennongjia,31.46972222,110.2077778
"Human Rights, Liberation and Reconciliation: Nelson Mandela Legacy Sites",-25.74069167,28.21179167
"Humayun's Tomb, Delhi",28.59333,77.25056
Humberstone and Santa Laura Saltpeter Works,-20.20582,-69.79406
Hwaseong Fortress,37.27222,127.00833
Hyrcanian Forests,37.42147222,55.72427778
"Ibiza, Biodiversity and Culture",38.91113889,1.435194444
Ichkeul National Park,37.16361,9.67472
Iguazu National Park,-25.577357,-54.286073
Iguaçu National Park,-25.44814722,-53.80014444
Ilulissat Icefjord,69.13333333,-49.5
Imperial Palaces of the Ming and Qing Dynasties in Beijing and Shenyang,41.79416667,123.4469444
Imperial Tombs of the Ming and Qing Dynasties,41.70722222,124.7938889
Incense Route - Desert Cities in the Negev,30.57388889,35.00916667
Independence Hall,39.94861111,-75.15
Ir.D.F. Woudagemaal (D.F. Wouda Steam Pumping Station),52.84583,5.67889
Ironbridge Gorge,52.62638889,-2.472777778
Ischigualasto / Talampaya Natural Parks,-30,-68
Island of Gorée,14.66722,-17.40083
Island of Mozambique,-15.03417,40.73583
Island of Saint-Louis,16.02778,-16.50444
Islands and Protected Areas of the Gulf of California,27.62667,-112.54583
Isole Eolie (Aeolian Islands),38.48786111,14.94558333
Itchan Kala,41.378088,60.360253
Itsukushima Shinto Shrine,34.29441667,132.3246389
Ivindo National Park,0.113,12.648
"Ivrea, industrial city of the 20th century",45.4575,7.869166667
Iwami Ginzan Silver Mine and its Cultural Landscape,35.11277778,132.435
"Jaipur City, Rajasthan",26.92427778,75.82186111
Jeju Volcanic Island and Lava Tubes,33.46888889,126.7202778
"Jelling Mounds, Runic Stones and Church",55.75638889,9.42
Jesuit Block and Estancias of Córdoba,-31.42056,-64.19111
Jesuit Missions of La Santísima Trinidad de Paraná and Jesús de Tavarangue,-27.131613,-55.702672
Jesuit Missions of the Chiquitos,-16,-60.5
"Jesuit Missions of the Guaranis: San Ignacio Mini, Santa Ana, Nuestra Señora de Loreto and Santa Maria Mayor (Argentina), Ruins of Sao Miguel das Missoes (Brazil)",-28.54333333,-54.26583333
Jewish Quarter and St Procopius' Basilica in Třebíč,49.21722222,15.87888889
Jewish-Medieval Heritage of Erfurt,50.97866389,11.02923333
Jiuzhaigou Valley Scenic and Historic Interest Area,33.08333,103.91667
Jodensavanne Archaeological Site: Jodensavanne Settlement and Cassipora Creek Cemetery,5.431111111,-54.98266667
Jodrell Bank Observatory,53.23391667,-2.303861111
Joggins Fossil Cliffs,45.70972222,-64.43583333
Jomon Prehistoric Sites in Northern Japan,41.06555556,140.5522222
Jongmyo Shrine,37.57472222,126.9936111
Joya de Cerén Archaeological Site,13.8275,-89.36916667
Jurisdiction of Saint-Emilion,44.89472222,-0.155277778
Kaeng Krachan Forest Complex,12.86566667,99.40016667
Kahuzi-Biega National Park,-2.334053,28.180743
Kaiping Diaolou and Villages,22.28551944,112.5658611
Kairouan,35.68167,10.10389
Kakadu National Park,-12.83333333,132.8333333
"Kakatiya Rudreshwara (Ramappa) Temple, Telangana",18.25913333,79.94320556
Kalwaria Zebrzydowska: the Mannerist Architectural and Park Landscape Complex and Pilgrimage Park,49.86668,19.676361
Kasbah of Algiers,36.78333,3.06028
Kathmandu Valley,27.70395,85.30858
Kaziranga National Park,26.66666667,93.41666667
Kenya Lake System in the Great Rift Valley,-0.4425,36.24
Keoladeo National Park,27.15888889,77.50861111
Kernavė Archaeological Site (Cultural Reserve of Kernavė),54.879,24.853
Khajuraho Group of Monuments,24.85222,79.92222
Khami Ruins National Monument,-20.15833333,28.37666667
Khangchendzonga National Park,27.76472222,88.37722222
Kilimanjaro National Park,-3.06667,37.36667
Kinabalu Park,6.25,116.5
Kizhi Pogost,62.06758333,35.22436111
Kluane / Wrangell-St. Elias / Glacier Bay / Tatshenshini-Alsek,61.19758333,-140.9919722
Koh Ker: Archaeological Site of Ancient Lingapura or Chok Gargyar,13.78305556,104.5372222
Komodo National Park,-8.54333,119.48944
Kondoa Rock-Art Sites,-4.724444444,35.83388889
Konso Cultural Landscape,5.3,37.4
"Koutammakou, the Land of the Batammariba",10.14808333,1.100222222
"Kremlin and Red Square, Moscow",55.75402778,37.62041667
Kronborg Castle,56.03889,12.62083333
Krzemionki Prehistoric Striped Flint Mining Region,50.96797222,21.50230556
Ksar of Ait-Ben-Haddou,31.04722,-7.12889
Kujataa Greenland: Norse and Inuit Farming at the Edge of the Ice Cap,61.16444444,-45.59805556
Kuk Early Agricultural Site,-5.783711111,144.3317222
"Kulangsu, a Historic International Settlement",24.4475,118.0619444
Kunta Kinteh Island and Related Sites,13.31616667,-16.35719444
Kunya-Urgench,42.18318,59.08494
Kutná Hora: Historical Town Centre with the Church of St Barbara and the Cathedral of Our Lady at Sedlec,49.95,15.26666667
"Kyiv: Saint-Sophia Cathedral and Related Monastic Buildings, Kyiv-Pechersk Lavra",50.45258,30.51686
K’gari (Fraser Island),-25.21666667,153.1333333
L'viv – the Ensemble of the Historic Centre,49.84163,24.03198
"La Chaux-de-Fonds / Le Locle, Watchmaking Town Planning",47.10388889,6.832777778
La Fortaleza and San Juan National Historic Site in Puerto Rico,18.46666667,-66.125
"La Grand-Place, Brussels",50.84668,4.35242
La Lonja de la Seda de Valencia,39.47441667,-0.378444444
Lagoons of New Caledonia: Reef Diversity and Associated Ecosystems,-20.41194444,164.5663889
Lake Baikal,53.17361111,107.6625
Lake Malawi National Park,-14.03333,34.88333
Lake Turkana National Parks,3.051305556,36.50366667
Lakes of Ounianga,19.055,20.50555556
Lamu Old Town,-2.284444444,40.8525
Land of Frankincense,18.25333,53.64759
"Landmarks of the Ancient Kingdom of Saba, Marib",15.42687778,45.33522778
Landscape for Breeding and Training of Ceremonial Carriage Horses at Kladruby nad Labem,50.05665,15.48425833
Landscape of Grand Pré,45.11833333,-64.30722222
Landscape of the Pico Island Vineyard Culture,38.51344444,-28.54116667
Landscapes of Dauria,49.93022222,115.4254444
Laponian Area,67.33333,17.58333
Las Médulas,42.46939,-6.77075
Late Baroque Towns of the Val di Noto (South-Eastern Sicily),36.89319444,15.06891667
Laurisilva of Madeira,32.76666667,-17
"Lavaux, Vineyard Terraces",46.49194444,6.746111111
Le Colline del Prosecco di Conegliano e Valdobbiadene,45.95302778,12.22611111
"Le Havre, the City Rebuilt by Auguste Perret",49.49278,0.1075
Le Morne Cultural Landscape,-20.45194444,57.32833333
Lednice-Valtice Cultural Landscape,48.77583,16.775
Lena Pillars Nature Park,60.66666667,127
Lençóis Maranhenses National Park,-2.536666667,-43.06361111
"Levoča, Spišský Hrad and the Associated Cultural Monuments",48.99944444,20.7675
Levuka Historical Port Town,-17.68337778,178.8345333
León Cathedral,12.435,-86.87805556
Lines and Geoglyphs of Nasca and Palpa,-14.72583,-75.14861
Litomyšl Castle,49.87361,16.31444
Longmen Grottoes,34.46666667,112.4666667
Longobards in Italy. Places of the Power (568-774 A.D.),46.09416667,13.43305556
Lord Howe Island Group,-31.56555556,159.0883333
Lorentz National Park,-4.75,137.83333
Los Alerces National Park,-42.8528,-71.8728
Los Glaciares National Park,-50,-73.24944
Los Katíos National Park,7.803975,-77.146271
Lower Valley of the Awash,11.10006,40.57939
Lower Valley of the Omo,4.8,35.96666667
Luis Barragán House and Studio,19.41119788,-99.19235334
"Lumbini, the Birthplace of the Lord Buddha",27.46889,83.27611
Lushan National Park,29.43333333,115.8666667
Lut Desert,30.21611111,58.83888889
Luther Memorials in Eisleben and Wittenberg,51.86472,12.65278
L’Anse aux Meadows National Historic Site,51.58472222,-55.55
M'Zab Valley,32.48333,3.68333
Macquarie Island,-54.59472222,158.8955556
Madara Rider,43.277375,27.118894
Madriu-Perafita-Claror Valley,42.49472222,1.595555556
Mahabodhi Temple Complex at Bodh Gaya,24.69528,84.99389
Major Mining Sites of Wallonia,50.43527778,3.838333333
Major Town Houses of the Architect Victor Horta (Brussels),50.82806,4.36223
Maloti-Drakensberg Park,-29.76527778,29.12305556
Malpelo Fauna and Flora Sanctuary,4.003344,-81.607572
Mammoth Cave National Park,37.18722222,-86.10305556
"Mana Pools National Park, Sapi and Chewore Safari Areas",-15.81944444,29.40805556
Manas Wildlife Sanctuary,26.725,91.03055556
Manovo-Gounda St Floris National Park,9,21.5
Mantua and Sabbioneta,45.15944444,10.79444444
Manú National Park,-12.25,-71.75
Mapungubwe Cultural Landscape,-22.1925,29.23889
Maratha Military Landscapes of India,20.7225,73.9425
Margravial Opera House Bayreuth,49.94439311,11.57849794
Maritime Greenwich,51.48116667,-0.003777778
Masada,31.31555556,35.35361111
Masjed-e Jāmé of Isfahan,32.66972222,51.68527778
Mathildenhöhe Darmstadt,49.87638889,8.6675
Matobo Hills,-20.5,28.5
Maulbronn Monastery Complex,49.00083,8.81306
Mausoleum of Khoja Ahmed Yasawi,43.29769444,68.27105556
Mausoleum of the First Qin Emperor,34.381311,109.259951
Maya Site of Copan,14.85,-89.13333
"Mbanza Kongo, Vestiges of the Capital of the former Kingdom of Kongo",-6.268888889,14.24972222
Medici Villas and Gardens in Tuscany,43.85777778,11.30416667
Medieval City of Rhodes,36.44722,28.22778
Medieval Monuments in Kosovo,42.66111111,20.26555556
Medieval Town of Toruń,53.01055556,18.60416667
Medina of Essaouira (formerly Mogador),31.51411111,-9.770305556
Medina of Fez,34.06111,-4.97778
Medina of Marrakesh,31.63139,-7.98667
Medina of Sousse,35.82778,10.63861
Medina of Tunis,36.81667,10.16667
Medina of Tétouan (formerly known as Titawin),35.57083,-5.36667
Megalithic Jar Sites in Xiengkhuang – Plain of Jars,19.43105556,103.1522222
Megalithic Temples of Malta,36.04908,14.26947
Megaliths of Carnac and of the shores of Morbihan,47.61611111,-3.087222222
Mehmed Paša Sokolović Bridge in Višegrad,43.78144444,19.288025
"Meidan Emam, Esfahan",32.65745,51.67777778
"Melaka and George Town, Historic Cities of the Straits of Malacca",5.421388889,100.3458333
Melka Kunture and Balchit: Archaeological and Palaeontological Sites in the Highland Area of Ethiopia,8.703472222,38.59908333
"Memorial sites of the Genocide: Nyamata, Murambi, Gisozi and Bisesero",-2.455527778,29.56772222
Memphis and its Necropolis – the Pyramid Fields from Giza to Dahshur,29.97604,31.13041
Mesa Verde National Park,37.26166667,-108.4855556
Messel Pit Fossil Site,49.918,8.757
Meteora,39.71667,21.63333
Migratory Bird Sanctuaries along the Coast of Yellow Sea-Bohai Gulf of China,31.51291667,121.9993889
Miguasha National Park,48.105,-66.35305556
Mill Network at Kinderdijk-Elshout,51.8825,4.649444444
Millenary Benedictine Abbey of Pannonhalma and its Natural Environment,47.55889,17.78444
Minaret and Archaeological Remains of Jam,34.39641667,64.51588889
"Mines of Rammelsberg, Historic Town of Goslar and Upper Harz Water Management System",51.82,10.34
Mining Area of the Great Copper Mountain in Falun,60.60472,15.63083
Minoan Palatial Centres,35.24861111,24.88722222
Mir Castle Complex,53.45108333,26.47272222
Mistaken Point,46.635,-53.21111111
"Modernist Kaunas: Architecture of Optimism, 1919-1939",54.89694444,23.92916667
Mogao Caves,40.13333,94.81667
Moidams – the Mound-Burial System of the Ahom Dynasty,26.94117472,94.87635
Monarch Butterfly Biosphere Reserve,19.60638889,-100.2416667
"Monasteries of Daphni, Hosios Loukas and Nea Moni of Chios",38.39527778,22.74666667
Monasteries of Haghpat and Sanahin,41.095,44.71028
"Monastery and Site of the Escurial, Madrid",40.58911111,-4.14775
Monastery of Alcobaça,39.55,-8.97667
Monastery of Batalha,39.65778,-8.82694
Monastery of Geghard and the Upper Azat Valley,40.140439,44.818525
Monastery of Horezu,45.16972222,24.00722222
Monastery of the Hieronymites and Tower of Belém in Lisbon,38.69194,-9.21583
Monastic Island of Reichenau,47.69872222,9.061305556
Mont-Saint-Michel and its Bay,48.63556,-1.51056
Monte San Giorgio,45.88888889,8.913888889
Monticello and the University of Virginia in Charlottesville,38.03277778,-78.50388889
Monumental Earthworks of Poverty Point,32.63694444,-91.40638889
Monuments of Oviedo and the Kingdom of the Asturias,43.36262,-5.84303
Moravian Church Settlements,55.35555556,9.481388889
Morne Trois Pitons National Park,15.331113,-61.30661
Mosi-oa-Tunya / Victoria Falls,-17.92453,25.85539
Mount Athos,40.26667,24.21667
"Mount Emei Scenic Area, including Leshan Giant Buddha Scenic Area",29.5449,103.76925
Mount Etna,37.75611111,14.99666667
Mount Hamiguitan Range Wildlife Sanctuary,6.717169444,126.1734306
Mount Huangshan,30.145333,118.155083
Mount Kenya National Park/Natural Forest,-0.155,37.31555556
Mount Kumgang – Diamond Mountain from the Sea,38.66027778,128.1375
Mount Mulanje Cultural Landscape,-15.91166667,35.65805556
Mount Nimba Strict Nature Reserve,7.60318,-8.39097
Mount Qingcheng and the Dujiangyan Irrigation System,31.00167,103.60528
Mount Sanqingshan National Park,28.91583333,118.0644444
Mount Taishan,36.26667,117.1
Mount Wutai,39.03055556,113.5633333
Mount Wuyi,27.72638889,117.7252778
Mountain Railways of India,11.51028,76.93583
"Mountain Resort and its Outlying Temples, Chengde",40.98694,117.93833
Mozu-Furuichi Kofun Group: Mounded Tombs of Ancient Japan,34.56222222,135.6094444
Mudejar Architecture of Aragon,40.34389,-1.10722
Murujuga Cultural Landscape,-20.56502778,116.6685278
"Museumsinsel (Museum Island), Berlin",52.51972222,13.39861111
Muskauer Park / Park Mużakowski,51.547653,14.729389
My Son Sanctuary,15.773843,108.109169
Møns Klint,54.96777778,12.55027778
Nahanni National Park,61.54722222,-125.5894444
Namhansanseong,37.47888889,127.1811111
Namib Sand Sea,-24.88527778,15.40777778
Nan Madol: Ceremonial Centre of Eastern Micronesia,6.839722222,158.3308333
Nanda Devi and Valley of Flowers National Parks,30.71667,79.66667
National Archaeological Park Tak’alik Ab’aj,14.63861111,-91.7325
National Archeological Park of Tierradentro,2.583333333,-76.03333333
"National History Park – Citadel, Sans Souci, Ramiers",19.573025,-72.234268
Natural System of Wrangel Island Reserve,71.18888889,-179.7152778
Natural and Cultural Heritage of the Ohrid region,40.99183333,20.70416667
Natural and Culturo-Historical Region of Kotor,42.48333,18.7
Naumburg Cathedral,51.15480556,11.804
Naval Port of Karlskrona,56.16667,15.58333
Necropolis of Bet She’arim: A Landmark of Jewish Renewal,32.70222222,35.12694444
Nemrut Dağ,38.03661,38.76369
Neolithic Flint Mines at Spiennes (Mons),50.42011348,3.982268911
Neolithic Site of Çatalhöyük,37.66666667,32.82805556
New Lanark,55.66333333,-3.783055556
New Zealand Sub-Antarctic Islands,-50.75,166.1044444
Ngorongoro Conservation Area,-3.18722,35.54083
"Nice, Winter Resort Town of the Riviera",43.70169444,7.272305556
Ningaloo Coast,-22.5625,113.8102778
Niokolo-Koba National Park,12.841271,-12.899781
Noel Kempff Mercado National Park,-14.26667,-60.86667
Nord-Pas de Calais Mining Basin,50.4625,3.546111111
Notre-Dame Cathedral in Tournai,50.60603,3.38926
Nubian Monuments from Abu Simbel to Philae,22.33722222,31.62580556
Nyungwe National Park,-2.5553,29.24733333
Ogasawara Islands,27.71833333,142.0997222
Okapi Wildlife Reserve,2,28.5
Okavango Delta,-19.28333333,22.9
Old Bridge Area of the Old City of Mostar,43.33730556,17.815
Old City of Acre,32.92166667,35.06888889
Old City of Berne,46.94806,7.45028
Old City of Dubrovnik,42.64142111,18.10886111
Old City of Jerusalem and its Walls,31.77777778,35.23166667
Old City of Salamanca,40.96525,-5.6645
Old City of Sana'a,15.35555556,44.20805556
Old City of Zamość,50.71694444,23.25277778
Old Havana and its Fortification System,23.13333333,-82.35
Old Rauma,61.12806,21.51167
Old Town Lunenburg,44.37611111,-64.30916667
Old Town of Corfu,39.62394139,19.9275
Old Town of Cáceres,39.47444,-6.37
Old Town of Galle and its Fortifications,6.028051,80.216346
Old Town of Ghadamès,30.13333333,9.5
Old Town of Lijiang,26.86667,100.23333
Old Town of Segovia and its Aqueduct,40.94847222,-4.11675
Old Town of Ávila with its Extra-Muros Churches,40.65645,-4.70012
Old Towns of Djenné,13.90639,-4.555
Old Village of Hollókő and its Surroundings,47.99444,19.52917
Old Walled City of Shibam,15.92694,48.62667
Old and New Towns of Edinburgh,55.95,-3.216666667
Old town of Kuldīga,56.96775,21.97152778
Old town of Regensburg with Stadtamhof,49.02055556,12.09916667
Olympic National Park,47.74833333,-123.4488889
Ombilin Coal Mining Heritage of Sawahlunto,-0.766625556,100.7378833
Orkhon Valley Cultural Landscape,47.479214,102.678482
Osun-Osogbo Sacred Grove,7.75556,4.55222
Ouadi Qadisha (the Holy Valley) and the Forest of the Cedars of God (Horsh Arz el-Rab),34.25388889,36.95111111
Padua’s fourteenth-century fresco cycles,45.41188889,11.87961111
Painted Churches in the Troodos Region,34.92027778,33.09583333
Palace and Gardens of Schönbrunn,48.18666667,16.31333333
Palace and Park of Fontainebleau,48.40194444,2.698055556
Palace and Park of Versailles,48.805,2.119444444
Palace of Westminster and Westminster Abbey including Saint Margaret’s Church,51.499,-0.127
Palaces and Parks of Potsdam and Berlin,52.4,13.03333333
"Palau de la Música Catalana and Hospital de Sant Pau, Barcelona",41.38778,2.175
Paleochristian and Byzantine Monuments of Thessalonika,40.63833,22.965
"Palestine: Land of Olives and Vines – Cultural Landscape of Southern Jerusalem, Battir",31.71638889,35.15888889
Palmeral of Elche,38.26666667,-0.716666667
Pampulha Modern Ensemble,-19.85194444,-43.97361111
Pantanal Conservation Area,-17.656,-57.359
Papahānaumokuākea,25.34907,-170.14582
Paphos,34.75833,32.40556
Paraty and Ilha Grande – Culture and Biodiversity,-23.01860556,-44.68536944
"Paris, Banks of the Seine",48.8655,2.321138889
Parthian Fortresses of Nisa,37.99972222,58.19861111
Pasargadae,30.19383,53.16729
"Paseo del Prado and Buen Retiro, a landscape of Arts and Sciences",40.41533333,-3.687055556
"Pearling, Testimony of an Island Economy",26.24128,50.61351
Peking Man Site at Zhoukoudian,39.689449,115.922702
Península Valdés,-42.5,-64
Pergamon and its Multi-Layered Cultural Landscape,39.12583333,27.18
Persepolis,29.93444,52.89028
Peruaçu River Canyon,-15.075,-44.20833333
Petra,30.33056,35.44333
Petroglyphic Complexes of the Mongolian Altai,49.33388889,88.39527778
Petroglyphs along the Bangucheon Stream,35.60845,129.1739972
Petroglyphs of Lake Onega and the White Sea,61.7299,36.01263889
Petroglyphs of the Archaeological Landscape of Tanbaly,43.80333333,75.535
Petäjävesi Old Church,62.25,25.18333
Phoenix Islands Protected Area,-3.864454,-172.650203
Phong Nha-Ke Bang National Park and Hin Nam No National Park,17.42755556,105.9052778
"Phu Phrabat, a testimony to the Sīma stone tradition of the Dvaravati period",17.73105833,102.3562667
"Piazza del Duomo, Pisa",43.72305556,10.39638889
Pilgrimage Church of St John of Nepomuk at Zelená Hora,49.5802,15.94205833
Pilgrimage Church of Wies,47.68127778,10.90013889
Pimachiowin Aki,51.82641667,-95.41127778
Pirin National Park,41.74272222,23.43047222
Pitons Management Area,13.80708333,-61.07036111
"Pitons, cirques and remparts of Reunion Island",-21.09944444,55.48
"Place Stanislas, Place de la Carrière and Place d'Alliance in Nancy",48.69361111,6.183333333
Plantin-Moretus House-Workshops-Museum Complex,51.21833,4.39778
Plitvice Lakes National Park,44.87778,15.61444
Poblet Monastery,41.38083,1.0825
Pont du Gard (Roman Aqueduct),43.94722222,4.535277778
Pontcysyllte Aqueduct and Canal,52.97027778,-3.087777778
"Port, Fortresses and Group of Monuments, Cartagena",10.41666667,-75.53333333
"Portovenere, Cinque Terre, and the Islands (Palmaria, Tino and Tinetto)",44.10694,9.72917
Portuguese City of Mazagan (El Jadida),33.25667,-8.50194
Prambanan Temple Compounds,-7.75222,110.49167
Pre-Hispanic City and National Park of Palenque,17.48333,-92.05
Pre-Hispanic City of Chichen-Itza,20.682739,-88.568654
Pre-Hispanic City of Teotihuacan,19.69167,-98.84167
Pre-Hispanic Town of Uxmal,20.36166667,-89.77027778
Precolumbian Chiefdom Settlements with Stone Spheres of the Diquís,8.938453,-83.502539
Prehistoric Caves of Yagul and Mitla in the Central Valley of Oaxaca,16.95083333,-96.42111111
Prehistoric Pile Dwellings around the Alps,47.27833333,8.2075
Prehistoric Rock Art Sites in the Côa Valley and Siega Verde,40.6975,-6.661111111
Prehistoric Sites and Decorated Caves of the Vézère Valley,45.0575,1.17
Prehistoric Sites of the Khorramabad Valley,33.49210833,48.34557222
Protective town of San Miguel and the Sanctuary of Jesús Nazareno de Atotonilco,20.91444444,-100.7463889
Proto-urban Site of Sarazm,39.50788889,67.45872222
"Provins, Town of Medieval Fairs",48.55972222,3.298888889
Puerto-Princesa Subterranean River National Park,10.16666667,118.9166667
Punic Town of Kerkuane and its Necropolis,36.94639,11.09917
Purnululu National Park,-17.5,128.5
Putorana Plateau,69.04694444,94.15805556
Pyrénées - Mont Perdu,42.68542,-5e-4
Pythagoreion and Heraion of Samos,37.69083,26.94333
Pyu Ancient Cities,22.47,95.81861111
Qal’at al-Bahrain – Ancient Harbour and Capital of Dilmun,26.23306,50.52722222
"Qhapaq Ñan, Andean Road System",-18.25,-69.59166667
Qinghai Hoh Xil,35.38027778,92.43916667
Quanzhou: Emporium of the World in Song-Yuan China,24.71027778,118.4441667
Quebrada de Humahuaca,-23.19986111,-65.34886111
Quseir Amra,31.80180556,36.58730556
"Qutb Minar and its Monuments, Delhi",28.52583,77.18528
"Rabat, Modern Capital and Historic City: a Shared Heritage",34.02416667,-6.822777778
Rachid Karami International Fair-Tripoli,34.43777778,35.82416667
Rainforests of the Atsinanana,-14.45972222,49.7025
Rangiri Dambulla Cave Temple,7.856666667,80.64916667
"Rani-ki-Vav (the Queen’s Stepwell) at Patan, Gujarat",23.85888889,72.10166667
Rapa Nui National Park,-27.074403,-109.365683
Red Bay Basque Whaling Station,51.726925,-56.42952222
Red Fort Complex,28.65555556,77.24083333
Redwood National and State Parks,41.37388889,-123.9980556
Renaissance Monumental Ensembles of Úbeda and Baeza,38.01131,-3.37122
Residence of Bukovinian and Dalmatian Metropolitans,48.29666667,25.92472222
Residences of the Royal House of Savoy,45.07253,7.68572
Rhaetian Railway in the Albula / Bernina Landscapes,46.49833333,9.846388889
Rice Terraces of the Philippine Cordilleras,16.93389,121.13667
Richtersveld Cultural and Botanical Landscape,-28.6,17.20388889
Rideau Canal,44.99438611,-75.765125
Rietveld Schröderhuis (Rietveld Schröder House),52.08533333,5.147555556
Rila Monastery,42.133298,23.340187
Rio de Janeiro: Carioca Landscapes between the Mountain and the Sea,-22.94777778,-43.29138889
Risco Caido and the Sacred Mountains of Gran Canaria Cultural Landscape,28.04438889,-15.66119444
Rjukan-Notodden Industrial Heritage Site,59.87861111,8.593611111
Robben Island,-33.8,18.36666667
Rock Art in the Hail Region of Saudi Arabia,28.01055556,40.91305556
Rock Art of Alta,69.95,23.18333
Rock Art of the Mediterranean Basin on the Iberian Peninsula,39.78995,-1.03331
Rock Carvings in Tanum,58.70111,11.34111
Rock Drawings in Valcamonica,45.95705556,10.29733333
Rock Islands Southern Lagoon,7.246925,134.3525
Rock Paintings of Shulgan-Tash Cave,53.04944444,57.07202778
Rock Paintings of the Sierra de San Francisco,27.626963,-113.020427
Rock Shelters of Bhimbetka,22.92777778,77.58333333
Rock-Art Sites of Tadrart Acacus,24.83333,10.33333
Rock-Hewn Churches of Ivanovo,43.694858,25.987893
"Rock-Hewn Churches, Lalibela",12.02935,39.04042
Rohtas Fort,32.9625,73.58888889
"Roman Monuments, Cathedral of St Peter and Church of Our Lady in Trier",49.75,6.633333333
"Roman Theatre and its Surroundings and the ""Triumphal Arch"" of Orange",44.13572222,4.808416667
Roman Walls of Lugo,43.01064079,-7.553069941
Roskilde Cathedral,55.64266541,12.07989985
Routes of Santiago de Compostela in France,45.18405556,0.722944444
Routes of Santiago de Compostela: <i>Camino Francés</i> and Routes of Northern Spain,43.335,-6.414722222
"Royal Botanic Gardens, Kew",51.48194444,-0.294027778
"Royal Building of <i>Mafra</i> – Palace, Basilica, Convent, <i>Cerco</i> Garden and Hunting Park (<i>Tapada</i>)",38.93716667,-9.325527778
Royal Court of Tiébélé,11.08922222,-0.961861111
Royal Domain of Drottningholm,59.32306,17.88333
Royal Exhibition Building and Carlton Gardens,-37.80611111,144.9702778
Royal Hill of Ambohimanga,-18.75917,47.56278
Royal Monastery of Santa María de Guadalupe,39.45285,-5.3275
Royal Palaces of Abomey,7.183333333,1.983333333
Royal Tombs of the Joseon Dynasty,37.19722222,128.4527778
Roșia Montană Mining Landscape,46.30611111,23.13055556
Ruins of Kilwa Kisiwani and Ruins of Songo Mnara,-8.95778,39.52278
Ruins of León Viejo,12.40047,-86.616336
Ruins of Loropéni,10.25,-3.583333333
Ruins of the Buddhist Vihara at Paharpur,25.03333333,88.98333333
Rwenzori Mountains National Park,0.223611111,29.92416667
Río Abiseo National Park,-7.75,-77.25
Río Plátano Biosphere Reserve,15.74444444,-84.675
Røros Mining Town and the Circumference,62.57388889,11.38555556
S<U>G</U>ang Gwaay,52.095,-131.2202778
Sacred City of Anuradhapura,8.333333333,80.38333333
Sacred City of Caral-Supe,-10.89166667,-77.52138889
Sacred City of Kandy,7.293611111,80.64027778
Sacred Ensembles of the Hoysalas,13.21245278,75.99407222
Sacred Island of Okinoshima and Associated Sites in the Munakata Region,34.245,130.1055556
Sacred Mijikenda Kaya Forests,-3.931944444,39.59611111
Sacred Sites and Pilgrimage Routes in the Kii Mountain Range,33.83694444,135.7763889
Sado Island Gold Mines,38.04083333,138.2577778
Sagarmatha National Park,27.96528,86.91306
Saint Catherine Area,28.55623,33.97543
Saint Hilarion Monastery/ Tell Umm Amer,31.44730556,34.36636111
Salonga National Park,-2,21
Saloum Delta,13.83527778,-16.49861111
Saltaire,53.83916667,-1.788333333
Samarkand – Crossroad of Cultures,39.66861,67
Samarra Archaeological City,34.34098944,43.82354306
San Agustín Archaeological Park,1.916666667,-76.23333333
San Antonio Missions,29.32805556,-98.46
San Cristóbal de La Laguna,28.47788889,-16.31177778
San Marino Historic Centre and Mount Titano,43.93277778,12.45194444
San Millán Yuso and Suso Monasteries,42.32586,-2.86496
"San Pedro de la Roca Castle, Santiago de Cuba",19.968446,-75.870441
Sanctuary of Asklepios at Epidaurus,37.6,23.08055556
Sanctuary of Bom Jesus do Congonhas,-20.508201,-43.860806
Sanctuary of Bom Jesus do Monte in Braga,41.55494444,-8.377027778
Sanganeb Marine National Park and Dungonab Bay – Mukkawar Island Marine National Park,19.73611111,37.44305556
Sangay National Park,-1.83333,-78.33333
Sangha Trinational,2.609444444,16.55416667
Sangiran Early Man Site,-7.4,110.8166667
"Sansa, Buddhist Mountain Monasteries in Korea",36.54194444,127.8333333
Santiago de Compostela (Old Town),42.88076,-8.54468
Santiniketan,23.68027778,87.68497222
Sardis and the Lydian Tumuli of Bin Tepe,38.48194444,28.04527778
Saryarka – Steppe and Lakes of Northern Kazakhstan,50.43333333,69.18888889
Sassanid Archaeological Landscape of Fars Region,29.77748056,51.57045
Sceilg Mhichíl,51.77194,-10.53861
Schokland and Surroundings,52.63861111,5.771666667
Schwerin Residence Ensemble,53.62416667,11.41888889
Selimiye Mosque and its Social Complex,41.67777778,26.55944444
Selous Game Reserve,-9,37.4
Semmering Railway,47.64877778,15.82797222
Seokguram Grotto and Bulguksa Temple,35.791498,129.349029
"Seowon, Korean Neo-Confucian Academies",36.72729722,128.8434278
Serengeti National Park,-2.33333,34.56667
Serra da Capivara National Park,-8.718634,-42.652436
Settlement and Artificial Mummification of the Chinchorro Culture in the Arica and Parinacota Region,-18.48196111,-70.32157222
Seventeenth-Century Canal Ring Area of Amsterdam inside the Singelgracht,52.365,4.887777778
Sewell Mining Town,-34.08444444,-70.38277778
"ShUM Sites of Speyer, Worms and Mainz",49.31621111,8.439538889
Shahr-i Sokhta,30.59388889,61.32777778
"Shark Bay, Western Australia",-25.48611111,113.4361111
Sheikh Safi al-din Khānegāh and Shrine Ensemble in Ardabil,38.24861111,48.29138889
Shirakami-Sanchi,40.4525,140.1155556
Shiretoko,43.94944,144.96583
Shrines and Temples of Nikko,36.7475,139.6105556
Shushtar Historical Hydraulic System,32.01861111,48.83583333
Sian Ka'an,19.38333,-87.79167
"Sichuan Giant Panda Sanctuaries - Wolong, Mt Siguniang and Jiajin Mountains",30.83333333,103
Silk Roads: Zarafshan-Karakum Corridor,39.44148889,69.68555833
Silk Roads: the Routes Network of Chang'an-Tianshan Corridor,34.30444444,108.8572222
Simien National Park,13.18333333,38.06666667
Singapore Botanic Gardens,1.315277778,103.8161111
Sinharaja Forest Reserve,6.416666667,80.5
Site of Palmyra,34.55416667,38.26666667
Site of Xanadu,42.358,116.1851278
Sites of Human Evolution at Mount Carmel: The Nahal Me’arot / Wadi el-Mughara Caves,32.66861111,34.96805556
"Sites of Japan’s Meiji Industrial Revolution: Iron and Steel, Shipbuilding and Coal Mining",34.43055556,131.4122222
Skogskyrkogården,59.27556,18.09944
Socotra Archipelago,12.5,53.83333333
Soltaniyeh,36.43528,48.79667
South China Karst,24.92333333,110.3544444
Speicherstadt and Kontorhaus District with Chilehaus,53.54555556,9.999444444
Speyer Cathedral,49.31722222,8.442388889
Srebarna Nature Reserve,44.11444,27.07806
St Kilda,57.81722222,-8.576666667
St Mary's Cathedral and St Michael's Church at Hildesheim,52.15278,9.94389
Stari Grad Plain,43.18166667,16.63861111
Stari Ras and Sopoćani,43.11889,20.42278
State Historical and Cultural Park “Ancient Merv”,37.70083,62.1775
Statue of Liberty,40.68944444,-74.04472222
Stevns Klint,55.26722222,12.42333333
Stećci Medieval Tombstone Graveyards,43.09221389,17.92405278
Stoclet House,50.835,4.416111111
Stone Circles of Senegambia,13.69111111,-15.5225
Stone Town of Zanzibar,-6.16306,39.18917
"Stonehenge, Avebury and Associated Sites",51.17888889,-1.825277778
"Strasbourg, Grande-Île and <em>Neustadt</em>",48.58444444,7.748888889
Struve Geodetic Arc,59.05777778,26.33777778
Studenica Monastery,43.48652778,20.53166667
Studley Royal Park including the Ruins of Fountains Abbey,54.11611111,-1.573055556
Su Nuraxi di Barumini,39.70583333,8.991388889
Sudanese style mosques in northern Côte d’Ivoire,10.49031667,-6.410166667
Sukur Cultural Landscape,10.74056,13.57194
Sulaiman-Too Sacred Mountain,40.53111111,72.78277778
"Summer Palace, an Imperial Garden in Beijing",39.91055556,116.1411111
"Sun Temple, Konârak",19.8875,86.09472
Sundarbans National Park,21.945,88.89583333
Surtsey,63.30305556,-20.60222222
Susa,32.18944444,48.25611111
Swiss Alps Jungfrau-Aletsch,46.5,8.033333333
Swiss Tectonic Arena Sardona,46.91666667,9.25
Sydney Opera House,-33.85666667,151.2152778
Syracuse and the Rocky Necropolis of Pantalica,37.05944,15.29306
São Francisco Square in the Town of São Cristóvão,-11.01365544,-37.20537476
Sítio Roberto Burle Marx,-23.02237778,-43.54622222
Tabriz Historic Bazaar Complex,38.08138889,46.29305556
Taj Mahal,27.17417,78.04222
Tajik National Park (Mountains of the Pamirs),38.765,72.30527778
Takht-e Soleyman,36.60388889,47.235
Talamanca Range-La Amistad Reserves / La Amistad National Park,9.407083333,-82.93880556
Talayotic Menorca,39.9975,3.908888889
Taos Pueblo,36.438,-105.546
Taputapuātea,-16.8414,-151.3723778
Tarnowskie Góry Lead-Silver-Zinc Mine and its Underground Water Management System,50.44269722,18.85122778
Tasmanian Wilderness,-43.11847222,146.2305556
Tassili n'Ajjer,25.5,9
Taxila,33.77916667,72.8875
Taï National Park,5.648888889,-7.095277778
Tchogha Zanbil,32.00857,48.522118
Te Henua Enata – The Marquesas Islands,-7.969894444,-140.6460475
Te Wahipounamu – South West New Zealand,-45.03602778,167.3196111
Tehuacán-Cuicatlán Valley: originary habitat of Mesoamerica,17.98996111,-97.18715278
Teide National Park,28.27138889,-16.64361111
"Temple Zone of Sambor Prei Kuk, Archaeological Site of Ancient Ishanapura",12.8725,105.0430556
Temple and Cemetery of Confucius and the Kong Family Mansion in Qufu,35.613215,116.994561
Temple of Apollo Epicurius at Bassae,37.43498,21.89694
Temple of Heaven: an Imperial Sacrificial Altar in Beijing,39.84555556,116.4447222
Temple of Preah Vihear,14.38833333,104.6838889
The 20th-Century Architecture of Frank Lloyd Wright,39.90557083,-79.46647556
The <I>Trulli</I> of Alberobello,40.7825,17.23694
The Ahwar of Southern Iraq: Refuge of Biodiversity and the Relict Landscape of the Mesopotamian Cities,31.56222222,47.65777778
The Ancient Town of Si Thep and its Associated Dvaravati Monuments,15.46581667,101.1511139
The Archaeological Ensemble of 17th Century Port Royal,17.93861389,-76.84337778
The Archaeological Heritage of Niah National Park’s Caves Complex,3.804291667,113.7807667
"The Architectural Work of Le Corbusier, an Outstanding Contribution to the Modern Movement",46.46841389,6.829336111
The Cathedral of St James in Šibenik,43.73629,15.89038
"The Causses and the Cévennes, Mediterranean agro-pastoral Cultural Landscape",44.22027778,3.473055556
"The Climats, terroirs of Burgundy",47.05805556,4.864444444
The Colonial Transisthmian Route of Panamá,9.323172222,-79.999775
The Cosmological Axis of Yogyakarta and its Historic Landmarks,-7.801388889,110.3647778
The Cultural Landscape of Al-Faw Archaeological Area,19.76491667,45.16338889
The Dolomites,46.61305556,12.16305556
The Emergence of Modern Human Behaviour: The Pleistocene Occupation Sites of South Africa,-32.38638889,18.4525
The English Lake District,54.47661111,-3.082416667
The Flow Country,58.39916667,-4.046111111
The Forth Bridge,56.00111111,-3.388888889
"The Four Lifts on the Canal du Centre and their Environs, La Louvière and Le Roeulx (Hainaut)",50.48111,4.13722
The Gedeo Cultural Landscape,6.248888889,38.28777778
The Grand Canal,34.69388889,112.4683333
The Great Spa Towns of Europe,50.49222222,5.866944444
The Great Wall,40.41667,116.08333
The Historic Centre (Chorá) with the Monastery of Saint-John the Theologian and the Cave of the Apocalypse on the Island of Pátmos,37.3,26.55
The Historic Centre of Odesa,46.48645,30.74161389
The Historic Town and Archaeological Site of Gedi,-3.310263889,40.01726389
"The Jantar Mantar, Jaipur",26.92472222,75.825
The Loire Valley between Sully-sur-Loire and Chalonnes,47.39889,0.70278
The Maison Carrée of Nîmes,43.83822222,4.356194444
"The Palaces of King Ludwig II of Bavaria: Neuschwanstein, Linderhof, Schachen and Herrenchiemsee",47.5575,10.74944444
The Persian Caravanserai,35.05835278,51.42013611
The Persian Garden,30.16666667,53.16666667
The Persian Qanat,34.29,58.65444444
The Porticoes of Bologna,44.49138889,11.33277778
The Sassi and the Park of the Rupestrian Churches of Matera,40.66638889,16.61027778
The Slate Landscape of Northwest Wales,53.12083333,-4.115
The Sundarbans,21.95,89.18333
The par force hunting landscape in North Zealand,55.91361111,12.35777778
The work of engineer Eladio Dieste: Church of Atlántida,-34.74391944,-55.76640833
The works of Jože Plečnik in Ljubljana – Human Centred Urban Design,46.04333333,14.50222222
Thimlich Ohinga Archaeological Site,-0.891338056,34.326107
Thracian Tomb of Kazanlak,42.625774,25.399172
Thracian Tomb of Sveshtari,43.66667,26.66667
"Three Castles, Defensive Wall and Ramparts of the Market-Town of Bellinzona",46.19314,9.02242
Three Parallel Rivers of Yunnan Protected Areas,27.895,98.40638889
Thungyai-Huai Kha Khaeng Wildlife Sanctuaries,15.33333,98.91667
Tikal National Park,17.21666667,-89.61666667
Timbuktu,16.77333333,-2.999444444
Timgad,35.48416667,6.468861111
Tipasa,36.55,2.383333333
Tiwanaku: Spiritual and Political Centre of the Tiwanaku Culture,-16.555003,-68.673278
Tiya,8.43491,38.6121
Tokaj Wine Region Historic Cultural Landscape,48.15,21.35
Tomb of Askia,16.2898,-0.04456
Tombs of Buganda Kings at Kasubi,0.348611111,32.55138889
Tomioka Silk Mill and Related Sites,36.25527778,138.8877778
Tongariro National Park,-39.29083333,175.5622222
Tower of Hercules,43.38583333,-8.406388889
Tower of London,51.50805556,-0.076111111
Town Hall and Roland on the Marketplace of Bremen,53.07597222,8.807472222
Town of Bamberg,49.89166667,10.88888889
Town of Luang Prabang,19.88889,102.13333
Trang An Landscape Complex,20.25666667,105.8963889
Trans-Iranian Railway,35.65830556,51.39833333
Trinidad and the Valley de los Ingenios,21.80305556,-79.98444444
Tropical Rainforest Heritage of Sumatra,-2.5,101.5
Tr’ondëk-Klondike,64.05034722,-139.4399472
Tsodilo,-18.75,21.73333333
Tubbataha Reefs Natural Park,8.953333333,119.8675
Tugay forests of the Tigrovaya Balka Nature Reserve,37.20472222,68.34138889
Tugendhat Villa in Brno,49.20718333,16.61605556
Tusi Sites,28.99861111,109.9669444
Twyfelfontein or /Ui-//aes,-20.597,14.376
Tyre,33.26916667,35.19583333
Ujung Kulon National Park,-6.75,105.3333333
Ulu<U>r</U>u-Kata Tju<U>t</U>a National Park,-25.33333333,131
Um er-Rasas (Kastrom Mefa'a),31.50167,35.92056
Umm Al-Jimāl,32.32694444,36.37
University and Historic Precinct of Alcalá de Henares,40.48138889,-3.368055556
University of Coimbra – Alta and Sofia,40.20781111,-8.425775
Upper Middle Rhine Valley,50.17361111,7.694166667
Upper Svaneti,42.914,43.009
Urban Historic Centre of Cienfuegos,22.145887,-80.452183
Urnes Stave Church,61.29825949,7.322678289
Uvs Nuur Basin,50.275,92.71972222
Val d'Orcia,43.06666667,11.55
Vallée de Mai Nature Reserve,-4.331,55.738
Valongo Wharf Archaeological Site,-22.89711111,-43.18739444
Van Nellefabriek,51.92444444,4.4325
Vat Phou and Associated Ancient Settlements within the Champasak Cultural Landscape,14.848333330000001,105.8222222
Vatican City,41.90216,12.45736
Vatnajökull National Park - Dynamic Nature of Fire and Ice,64.577363,-16.88154044
Vegaøyan – The Vega Archipelago,65.61667,11.75
Venetian Works of Defence between the 16th and 17th Centuries: <em>Stato da Terra</em> – Western <em>Stato da Mar</em>,45.70333333,9.663611111
Venice and its Lagoon,45.43430556,12.33894444
Verla Groundwood and Board Mill,61.06194,26.64083
Via Appia. <em>Regina Viarum</em>,41.29272222,13.26272222
Victorian Gothic and Art Deco Ensembles of Mumbai,18.92980556,72.83008333
Viking-Age Ring Fortresses,56.99527778,9.254722222
Villa Adriana (Tivoli),41.94416667,12.77197222
Villa Romana del Casale,37.36611,14.33417
"Villa d'Este, Tivoli",41.96391667,12.79625
Villages with Fortified Churches in Transylvania,46.13583333,24.77305556
Vilnius Historic Centre,54.68667,25.29306
Vineyard Landscape of Piedmont: Langhe-Roero and Monferrato,44.60861111,7.963611111
Virgin Komi Forests,63.62583333,58.9525
Virunga National Park,0.916666667,29.16666667
Vizcaya Bridge,43.323175,-3.016833333
Viñales Valley,22.61667,-83.71667
"Vjetrenica Cave, Ravno",42.845,17.98888889
Vlkolínec,49.03916667,19.27833333
Volcanoes and Forests of Mount Pelée and the Pitons of Northern Martinique,14.82330278,-61.17586111
Volcanoes of Kamchatka,56.33333333,158.5
Vredefort Dome,-26.86,27.26
"Vézelay, Church and Hill",47.46638889,3.748333333
Völklingen Ironworks,49.24872222,6.844222222
W-Arly-Pendjari Complex,11.88416667,2.487777778
Wachau Cultural Landscape,48.36444444,15.43416667
Wadden Sea,53.52861111,8.556111111
Wadi Al-Hitan (Whale Valley),29.33333,30.18333
Wadi Rum Protected Area,29.63972222,35.43388889
Walled City of Baku with the Shirvanshah's Palace and Maiden Tower,40.36666667,49.83333333
Wartburg Castle,50.96677778,10.307
Water Management System of Augsburg,48.36547222,10.902
Waterton Glacier International Peace Park,48.99605556,-113.9041667
West Lake Cultural Landscape of Hangzhou,30.2375,120.1408333
West Norwegian Fjords – Geirangerfjord and Nærøyfjord,62.11667,7.16667
Western Caucasus,44,40
Western Ghats,8.529722222,77.24972222
Western Tien-Shan,43.71833333,68.67888889
Wet Tropics of Queensland,-15.65,144.9666667
Whale Sanctuary of El Vizcaino,27.79222,-114.22778
White City of Tel-Aviv – the Modern Movement,32.07777778,34.77416667
White Monuments of Vladimir and Suzdal,56.15,40.41666667
Wieliczka and Bochnia Royal Salt Mines,49.97916667,20.06388889
Willandra Lakes Region,-34,143
Wixárika Route through Sacred Sites to Wirikuta (Tatehuarí Huajuyé),22.59786389,-103.2801528
Wood Buffalo National Park,59.35833333,-112.2933333
Wooden <em>Tserkvas</em> of the Carpathian Region in Poland and Ukraine,49.53388889,21.03222222
Wooden Churches of Maramureş,47.82083333,24.05583333
Wooden Churches of Southern Małopolska,49.75,21.23333333
Wooden Churches of the Slovak part of the Carpathian Mountain Area,49.33611111,19.55833333
Wooden Hypostyle Mosques of Medieval Anatolia,38.75503611,30.529575
Works of Antoni Gaudí,41.41338,2.152972
Writing-on-Stone / Áísínai’pi,49.075,-111.6333333
Wulingyuan Scenic and Historic Interest Area,29.33333,110.5
Würzburg Residence with the Court Gardens and Residence Square,49.79278,9.93889
Xanthos-Letoon,36.335,29.32028
Xinjiang Tianshan,41.96833333,80.35416667
Xixia Imperial Tombs,38.41583333,105.9711111
Yakushima,30.315,130.5086111
Yellowstone National Park,44.46056,-110.82778
"Yen Tu-Vinh Nghiem-Con Son, Kiep Bac Complex of Monuments and Landscapes",21.11925556,106.5353972
Yin Xu,36.12666667,114.3138889
Yosemite National Park,37.74611111,-119.5966667
Yungang Grottoes,40.10972,113.12222
Zagori Cultural Landscape,39.90527778,20.81972222
Zollverein Coal Mine Industrial Complex in Essen,51.49138889,7.046111111
Zuojiang Huashan Rock Art Cultural Landscape,22.25555556,107.0230556
iSimangaliso Wetland Park – Maputo National Park,-27.83888889,32.55
Þingvellir National Park,64.25380556,-21.03725
Ħal Saflieni Hypogeum,35.86959,14.50688337
Škocjan Caves,45.66667,14
Žatec and the Landscape of Saaz Hops,50.32027778,13.62
ǂKhomani Cultural Landscape,-25.68761111,20.37458333
Ḥimā Cultural Area,18.31671111,44.54533611
‘Uruq Bani Ma’arid,19.36388889,45.59833333
